y_true,y_pred,residual
55.26128448,53.22991814368902,2.031366336310981
67.57490362,71.10606987446583,-3.5311662544658304
272.2501078,267.0040065186622,5.246101281337815
195.102176,195.78974306992433,-0.6875670699243415
273.9603772,273.97545703558285,-0.015079835582866963
39.99208709,38.92251176934781,1.0695753206521914
147.1501779,145.81869231870746,1.331485581292526
229.1419119,224.24673614280226,4.895175757197734
222.6967685,217.1439455719021,5.552822928097896
322.4667969,320.4412157767754,2.02558112322464
104.6554025,103.08507618779015,1.5703263122098434
45.07483438,42.572443524819846,2.5023908551801526
276.1736609,274.1707763038424,2.002884596157628
229.217894,227.82847800864792,1.389415991352081
282.6928978,281.2766739101953,1.4162238898047121
220.3647427,220.59121751135532,-0.22647481135533098
267.5219901,270.4609828403124,-2.9389927403124148
325.6558158,323.95722734369076,1.6985884563092668
286.5328686,284.6809413473653,1.8519272526346526
214.7866392,213.52392568023004,1.2627135197699602
246.4092004,245.59863624612322,0.8105641538767827
313.0482667,313.25846248957674,-0.21019578957674412
62.79673032,63.9540918283939,-1.1573615083938975
230.6616991,227.845598000143,2.8161010998569793
102.5736407,106.7692960803459,-4.195655380345897
156.982317,153.01104539506053,3.97127160493946
46.57401993,46.10682407136781,0.4671958586321878
231.3702065,231.46314050385428,-0.09293400385428185
45.27366111,42.626167585394256,2.6474935246057427
160.1700141,160.02915266087098,0.1408614391290257
115.6169326,113.74142442016161,1.8755081798383912
226.7274918,227.70767893604284,-0.9801871360428436
274.7071,274.0209000796398,0.6861999203602522
63.19952192,60.438030062781365,2.761491857218637
188.0267689,188.63712451240517,-0.6103556124051579
161.7851523,167.30186499126276,-5.516712691262768
204.3054142,206.50835100871615,-2.202936808716146
264.4852505,266.9227273670302,-2.4374768670301705
270.1894,270.530286474861,-0.34088647486100854
222.3419275,227.85036109471645,-5.50843359471645
159.267743,156.636843350089,2.6308996499109867
285.3921433,291.8965146891494,-6.504371389149412
189.9818855,185.05717476061457,4.924710739385432
35.54799802,35.415298492871386,0.1326995271286151
253.1724036,249.12162250151036,4.050781098489637
119.1906975,117.40563731928053,1.7850601807194693
258.3754265,263.3668812323651,-4.991454732365071
265.8749687,267.0285800833214,-1.1536113833213903
53.21920964,56.88116004107627,-3.6619504010762682
244.2201654,245.67798035584372,-1.457814955843702
238.4197656,238.43566940806136,-0.01590380806135272
47.39172408,49.73106617519167,-2.339342095191668
160.0522949,156.48086894212798,3.571425957872009
274.5504178,277.58643472608424,-3.036016926084244
106.9208496,106.6789711023574,0.2418784976426025
170.4688777,167.32297297971581,3.145904720284193
99.9982348,99.54802402448775,0.45021077551226085
283.8539032,284.8326471811504,-0.9787439811503873
281.5342766,281.259021512657,0.2752550873429982
66.21969665,67.53754103806229,-1.3178443880622837
246.8109839,252.7031339197019,-5.892150019701916
146.0792253,142.32508669992612,3.7541386000738726
238.7796641,234.95456774835702,3.8250963516429692
219.1485184,213.63591824602258,5.5126001539774165
136.5561795,131.68852223017927,4.867657269820739
77.8388226,78.19175496305107,-0.35293236305106745
194.1291713,192.13637278036433,1.9927985196356701
155.2336339,160.20486676460467,-4.971232864604673
156.8844243,160.1525608331795,-3.2681365331795007
178.1451554,174.3852308521062,3.759924547893803
151.7553952,149.43941652167587,2.315978678324143
315.2058902,316.7657488907918,-1.5598586907918275
103.6206304,99.59422371585721,4.026406684142785
271.222418,270.5690044964747,0.6534135035253144
180.6283071,181.4906973542207,-0.8623902542207134
323.0321827,320.3562542929261,2.6759284070739113
155.7968397,156.68267356022346,-0.885833860223471
321.0786795,316.89553099540564,4.183148504594385
201.9085053,206.4439632914523,-4.53545799145229
209.0289496,202.84153912000113,6.187410479998874
98.45440862,96.00232375679369,2.4520848632063093
281.5928898,281.33827560721403,0.2546141927859935
176.294088,177.8609566453002,-1.566868645300218
220.344136,224.31259049223755,-3.968454492237555
352.0316527,355.96257972507897,-3.9309270250789723
104.5832771,106.72535856417453,-2.142081464174524
202.9779971,195.67280268766982,7.305194412330195
209.3217765,213.53400000604034,-4.2122235060403455
336.3264626,331.0791056521704,5.247356947829587
192.2201481,195.79119975679228,-3.5710516567922923
53.79021764,56.78013704126113,-2.989919401261126
201.742012,199.27491016745432,2.4671018325456657
118.9983017,120.92314375686938,-1.9248420568693803
118.1257389,120.8971487087956,-2.771409808795596
39.05670605,38.94801852859604,0.10868752140396509
196.7187138,195.77150330427094,0.9472104957290526
49.4566405,46.14045379685524,3.3161867031447585
123.8685578,124.54751388122271,-0.678956081222708
301.138568,299.02406697323727,2.1145010267627526
88.96782897,92.45798338597268,-3.4901544159726825
247.9036965,249.21951026702465,-1.3158137670246504
236.339815,242.1250341848102,-5.785219184810217
126.6539569,124.58292220976439,2.0710346902356065
229.2522388,231.331665836167,-2.0794270361670044
145.4082544,145.88793310640918,-0.47967870640917454
187.4514522,188.67107997727032,-1.2196277772703183
185.0487647,181.48420758738354,3.5645571126164555
181.4839824,177.88669635041043,3.59728604958957
75.93383288,70.9769256523934,4.956907227606592
82.95910852,85.23066704426552,-2.271558524265515
199.4999307,199.30006063965496,0.19987006034503452
132.2091868,131.63379230064808,0.5753944993519156
249.4106969,249.15748707407818,0.2532098259218287
274.1270839,270.5294502825829,3.5976336174171024
317.3168665,316.81638785149016,0.5004786485098407
240.107728,238.55565657408965,1.5520714259103556
161.5873361,163.6047524349628,-2.017416334962803
133.6114088,131.65858616078742,1.9528226392125703
80.50988544,78.25805147836559,2.251833961634418
336.8884053,334.5995796203439,2.2888256796560995
34.77154801,35.33128797190989,-0.5597399619098908
218.1599843,224.23288873904824,-6.072904439048244
242.7292333,245.60910773208903,-2.879874432089025
202.8868815,206.43791457645878,-3.5510330764587934
109.5537687,110.2528207461764,-0.6990520461763907
184.0961892,185.0731921018919,-0.9770029018918933
72.91644672,74.68245522988589,-1.7660085098858929
246.2403062,245.60572244087285,0.634583759127139
354.6804507,355.91939660486184,-1.2389459048618505
202.7919917,202.93192818390295,-0.1399364839029431
237.7424954,238.54704045986594,-0.8045450598659443
283.2511074,274.1691181367607,9.081989263239336
238.7782899,242.00913477889384,-3.2308448788938335
263.8948274,263.4547984962858,0.44002890371422154
213.2245182,213.45196984964775,-0.22745164964774744
131.8205648,138.75825501098444,-6.937690210984442
229.5582512,235.03040356372043,-5.472152363720426
216.1390948,220.66128263892625,-4.522187838926243
157.4058687,160.10962738143135,-2.7037586814313386
152.4930713,152.96991603744286,-0.4768447374428604
77.69255229,74.58918454676359,3.1033677432364044
129.9458887,128.0572162700915,1.8886724299085245
141.009684,138.80161814367455,2.2080658563254474
348.6783865,345.3427996588454,3.3355868411545657
290.3717146,288.3358416228865,2.035872977113513
148.7902583,149.47524339876458,-0.6849850987645709
290.0198478,291.7802784546748,-1.760430654674792
304.9706255,302.5088091048282,2.461816395171809
309.2154343,309.8007444472964,-0.5853101472963544
112.8147944,120.93929303439944,-8.124498634399444
342.6522282,348.9627527471308,-6.310524547130797
190.4596035,188.65042196820173,1.8091815317982594
109.9416385,113.76817315981043,-3.8265346598104344
247.5921365,249.1441255302601,-1.5519890302601027
82.44643572,81.77672242902106,0.6697132909789332
33.50980953,42.61701125239338,-9.107201722393384
164.5996041,163.65839649109697,0.9412076089030279
167.5101119,167.26506029573758,0.24505160426241446
110.3772781,113.86731927279223,-3.490041172792232
201.4312428,202.97360464472192,-1.5423618447219098
247.4803463,249.21216250075358,-1.7318162007535705
148.2024141,149.36856190682684,-1.1661478068268423
136.2617,138.70860290457082,-2.446902904570834
41.63049839,42.540961229153055,-0.9104628391530554
144.2954967,142.27807279629485,2.0174239037051507
276.098803,277.68070155859385,-1.5818985585938776
151.0677477,149.43860951542035,1.6291381845796593
153.5822256,156.5399254838111,-2.9576998838111024
328.2393781,327.48025023163757,0.759127868362441
92.1327262,92.47264601230707,-0.33991981230707324
146.5321116,153.059412978006,-6.527301378006001
159.3518594,156.50248055249563,2.8493788475043687
90.18167788,92.53160202368655,-2.3499241436865503
139.7761666,138.71539293136192,1.0607736686380917
310.8965435,309.60421571531845,1.2923277846815608
252.3732128,252.77678779660772,-0.40357499660771623
141.6279548,142.2633799407804,-0.6354251407803986
167.6367081,167.2178961821401,0.41881191785989813
260.8904476,259.91387945418865,0.9765681458113704
181.6616002,181.41988242028083,0.24171777971918118
218.9726225,217.20186642918392,1.770756070816077
229.7089662,231.37515050807406,-1.6661843080740653
225.0827009,227.81562932939443,-2.732928429394434
139.4419626,142.30408882186697,-2.8621262218669585
171.8566675,174.32436714529007,-2.4676996452900823
351.0535774,348.88998983984004,2.1635875601599537
57.6272184,53.2056186249597,4.421599775040299
144.8229801,138.67381676334287,6.149163336657125
197.225133,199.35759115050809,-2.1324581505080857
307.6293178,306.2233166366108,1.4060011633892486
219.0783537,217.06195743996287,2.0163962600371406
120.4480819,120.87730451451239,-0.4292226145123834
210.3024538,206.47864996438565,3.823803835614342
145.2658074,149.43986404445695,-4.174056644456954
124.2568582,124.56808503871191,-0.31122683871191725
157.65616,160.10790901361895,-2.451749013618951
257.6727806,259.85680816103803,-2.1840275610380218
343.7047069,348.8665064659598,-5.161799565959768
161.7170871,167.20737204355075,-5.490284943550762
321.5551625,316.83422516992744,4.720937330072559
324.5892769,316.8130060898436,7.776270810156404
150.8313558,153.0816901937168,-2.2503343937167983
70.43434129,74.55296530179596,-4.1186240117959585
207.4863233,202.87266417400537,4.613659125994644
203.7718264,202.78651242917059,0.9853139708294236
351.230812,352.43430101746185,-1.203489017461834
76.99292807,74.65845323638749,2.334474833612518
264.5447223,263.4216930535732,1.1230292464267677
41.39651524,39.081740789618635,2.314774450381364
209.1489884,206.51624080793505,2.632747592064959
38.86596606,38.990995077320974,-0.12502901732097627
136.2090591,131.63384822450377,4.575210875496225
84.23062597,85.30932424244888,-1.0786982724488752
49.6229099,49.643850371242394,-0.0209404712423904
291.3200448,288.28859643464676,3.031448365353242
122.2048994,117.34711462281558,4.8577847771844205
85.23791476,85.37166336978969,-0.1337486097896914
71.37816586,71.11262046381312,0.2655453961868801
265.2197984,263.39232773714355,1.8274706628564559
336.4318516,338.1998005579512,-1.767948957951205
52.31974763,49.73462669378628,2.5851209362137197
169.5980174,167.16610568057408,2.4319117194259263
274.793308,277.69085057487484,-2.8975425748748194
226.9989318,231.3068811449357,-4.307949344935679
135.1027922,138.8082676941703,-3.7054754941702868
263.3750447,266.9591439777082,-3.5840992777082192
244.9267479,242.03273565570368,2.8940122442963343
270.0653225,274.0452535885728,-3.979931088572812
56.4627635,56.800315315250344,-0.33755181525034317
174.5641128,174.29847028820245,0.2656425117975516
297.0564909,302.55860328341464,-5.502112383414669
134.6971202,131.6125025523509,3.084617647649111
231.7642637,227.7571359504076,4.007127749592399
49.76578638,49.657038667610664,0.10874771238933789
176.9281077,178.02174758839197,-1.0936398883919765
137.1688236,142.3164887321786,-5.147665132178616
84.35561875,85.27055335982662,-0.9149346098266165
176.7169009,174.41015158782676,2.3067493121732525
100.6415713,95.99500611054047,4.646565189459523
210.069569,213.54720778187914,-3.4776387818791363
262.0124404,263.35663970368773,-1.3441993036877307
215.8550141,213.43848655087479,2.4165275491252203
335.3014311,338.0713706208153,-2.769939520815285
316.3148646,316.9279797269964,-0.6131151269963766
67.66681205,71.13433442047199,-3.4675223704719826
234.1596648,231.40541178946702,2.7542530105329774
356.3362079,355.9460705157116,0.39013738428837996
144.1559099,142.33122469216914,1.8246852078308677
351.5295188,352.4729242292141,-0.9434054292140672
233.8431002,231.2481078533464,2.594992346653612
260.4652558,263.3745727076945,-2.9093169076944605
331.0361116,331.07251033354805,-0.03639873354802603
353.8046387,356.0718731789567,-2.267234478956709
47.05770262,49.568885224621255,-2.511182604621254
125.6101586,128.10361714748953,-2.4934585474895243
100.3285109,99.46450480205998,0.8640060979400204
159.4508481,163.6516184715579,-4.200770371557894
90.93193458,88.96973794291138,1.9621966370886241
157.508248,160.19189475342213,-2.683646753422124
118.9163836,120.9505735861667,-2.0341899861666946
43.69948833,42.61306331360123,1.0864250163987705
131.7340053,135.13246477510765,-3.398459475107643
104.1503565,106.76137027461581,-2.611013774615813
119.4005846,117.31101985834559,2.0895647416544136
94.73689499,99.56793771404342,-4.831042724043428
167.1158814,167.20769248583449,-0.09181108583447894
269.9524569,270.51181405455543,-0.5593571545554141
115.6143077,113.86108379495442,1.753223905045573
232.2256845,231.4248346267517,0.8008498732482963
170.979336,167.20780127540348,3.7715347245965063
91.56749737,92.46960390875815,-0.9021065387581473
279.2244259,274.1229499021416,5.101475997858415
219.7573225,220.74315076267627,-0.9858282626762787
90.33315235,85.38208757571151,4.951064774288497
156.9208771,153.0141347778588,3.9067423221412128
317.4466236,320.3745702931772,-2.927946693177205
42.77124819,42.53992286975074,0.23132532024926178
34.10189493,35.41785508128504,-1.31596015128504
61.92842166,63.952595080130976,-2.0241734201309782
328.5020583,327.5313262759364,0.9707320240635795
172.8854592,170.73979138246497,2.145667817535042
134.3960949,135.16312530262897,-0.7670304026289614
157.8822087,156.5839753189714,1.2982333810286093
191.3995094,188.666095881582,2.73341351841799
174.1981389,174.2780426089082,-0.07990370890820486
332.6334624,334.67030775425263,-2.036845354252648
272.8654886,274.07013715123367,-1.2046485512336744
158.5387703,160.1708180505434,-1.6320477505433928
226.9880817,227.85688438985554,-0.8688026898555279
260.1040896,263.3925936679538,-3.288504067953795
70.97470749,67.58659888086989,3.3881086091301142
304.7830071,302.4866645789863,2.2963425210137416
154.2330303,156.57175655899198,-2.338726258991983
336.3691573,338.1572602578536,-1.7881029578535959
223.0521522,220.69399745998373,2.3581547400162606
249.1019155,252.64168697759573,-3.5397714775957354
98.37497073,96.07382195861828,2.301148771381719
314.8714995,313.18372569385554,1.6877738061444916
251.1436688,252.74190792780183,-1.5982391278018326
324.0969621,324.058217495912,0.03874460408798086
123.6561859,124.5468242191533,-0.8906383191532967
243.8144022,245.61359581958902,-1.7991936195890332
263.5079422,267.0545808842475,-3.5466386842475117
279.1802705,284.6763468951155,-5.4960763951154945
84.80777196,81.66813535211776,3.139636607882238
91.25692569,92.36958764533368,-1.112661955333678
152.0483513,153.01464481595653,-0.9662935159565222
208.1119326,209.92023909283324,-1.8083064928332533
346.2070486,348.9499567601535,-2.7429081601534904
324.0477099,324.02203179981143,0.025678100188542885
41.90670866,42.53680121178911,-0.6300925517891116
152.8312537,156.6347098590601,-3.8034561590601186
288.9235024,288.31498671674666,0.6085156832533585
147.8598054,149.45425126257533,-1.594445862575327
222.4507601,217.02428992964263,5.426470170357362
268.5657321,266.8654491871231,1.7002829128769008
125.3870645,128.03562431694513,-2.648559816945138
124.1659072,128.02257862781133,-3.856671427811321
295.4915271,295.47725363435023,0.01427346564975096
283.9177917,284.7321891014702,-0.8143974014702167
101.8731014,103.1961723025364,-1.3230709025364007
144.4035676,142.22247765519123,2.1810899448087753
169.2070647,170.7575093122333,-1.5504446122333206
273.202171,274.1393505413986,-0.9371795413985637
129.1776006,131.59005242431482,-2.4124518243148145
99.01487053,99.54549688354497,-0.5306263535449744
288.8354078,288.2987812793058,0.5366265206941989
167.4756663,163.6252882489262,3.8503780510737897
38.69555595,38.952468940067064,-0.2569129900670646
153.0511109,153.0366815657814,0.014429334218590384
217.368027,217.15151144519928,0.21651555480073625
61.63307421,67.51834095420584,-5.885266744205843
251.8373844,249.15051832490374,2.6868660750962476
129.5227154,127.99971526572523,1.5230001342747812
168.0750508,170.8954184059521,-2.8203676059521
156.070975,156.63344492995344,-0.562469929953437
89.0932451,88.84780218093543,0.2454429190645726
354.1039697,355.9564984323862,-1.8525287323861903
82.43756501,81.71143277722783,0.7261322327721729
121.9495696,120.89071906520849,1.0588505347915174
139.0004943,135.18560516751694,3.8148891324830743
95.39293351,99.59333162398175,-4.200398113981748
54.63471073,53.22718839903504,1.4075223309649587
96.09869452,95.99225866667885,0.10643585332114469
291.314666,291.9026657348669,-0.5879997348669121
127.5466597,128.00627189373267,-0.45961219373266715
52.03837385,53.31537628805927,-1.2770024380592702
133.4247192,138.6450199900586,-5.220300790058587
74.81459598,78.1776199026966,-3.3630239226965983
188.4611145,192.15316901005198,-3.6920545100519746
300.0219219,302.5847535508583,-2.5628316508583
144.9858839,142.26603672151978,2.7198471784802223
316.5400344,316.88328837389844,-0.3432539738984133
94.63760923,96.08595838359211,-1.448349153592119
347.9878618,348.9490824681731,-0.9612206681730981
85.81164773,85.32546980583268,0.48617792416732186
269.4449939,267.0064588069206,2.4385350930793948
311.4335461,316.8854099389903,-5.451863838990278
309.2043274,306.18921971221164,3.0151076877883725
156.9593326,152.90817519009047,4.0511574099095355
119.4727749,120.91882948943996,-1.446054589439953
178.557418,181.4436056662259,-2.8861876662258794
119.5591274,117.24912792470305,2.309999475296948
57.90089101,60.412201240480954,-2.5113102304809516
162.1913335,163.70745380601764,-1.5161203060176263
261.0790365,259.82855937273143,1.2504771272685389
232.8098953,227.8413562536187,4.968539046381295
269.7375692,270.6428314942326,-0.9052622942326138
281.4104149,281.29343476021234,0.11698013978764266
41.48489864,38.967113418884935,2.517785221115062
66.76720286,71.00913114247504,-4.241928282475044
161.5821401,160.14119350229356,1.4409465977064428
280.1191449,281.2587402388038,-1.1395953388038151
182.7487325,184.97565032083278,-2.2269178208327958
311.743669,309.6444843079196,2.099184692080428
210.9051685,213.6139365753591,-2.708768075359103
311.6702409,306.0982507984794,5.571990101520612
174.7450326,177.90190858956296,-3.1568759895629626
236.5744786,234.8821220686523,1.6923565313476843
176.198368,177.9424660689945,-1.7440980689945036
257.3816404,256.2551668600453,1.1264735399547021
289.1757587,288.4152056194721,0.7605530805279272
100.2251531,99.54067165805579,0.6844814419442145
95.82210034,95.96997755207725,-0.14787721207724758
298.3137084,302.5187882632498,-4.205079863249807
186.9707267,185.12866279407086,1.8420639059291375
320.2239615,320.39690031729333,-0.1729388172933568
259.992715,256.2373747825354,3.75534021746455
353.0032234,352.52643238199994,0.4767910180000854
357.7881952,356.03776943351465,1.750425766485364
272.5490106,274.1318075659015,-1.5827969659015366
321.7444568,320.4579798464415,1.2864769535585197
201.9961016,195.72026589066127,6.275835709338736
333.3198427,331.14012175560293,2.1797209443970473
344.0900697,341.817306486671,2.2727632133290285
228.5646491,231.40542736177105,-2.8407782617710495
79.27951356,78.1595323416479,1.1199812183520947
124.7625062,120.98264399765048,3.77986220234952
197.083995,199.28776948677475,-2.203774486774762
260.9790138,263.43081588907694,-2.4518020890769208
193.101443,195.78595066078267,-2.6845076607826854
268.7997822,266.8621787192727,1.9376034807272617
156.3562456,156.6227502263843,-0.26650462638431804
37.59292526,39.05699281071995,-1.464067550719946
64.56053498,56.70632801542013,7.854206964579873
106.5992303,106.67103377613444,-0.07180347613443416
203.6774283,206.39945363072513,-2.722025330725131
119.2920553,121.0021563761423,-1.7101010761422941
316.1769362,316.7833282996159,-0.6063920996159027
305.1813506,302.66731778829194,2.5140328117080344
330.6437143,327.42997990191736,3.213734398082636
130.1610471,128.0668825050759,2.094164594924081
322.6677652,324.05712554695083,-1.3893603469508093
104.0141267,106.76891096552855,-2.754784265528542
347.693601,352.39152575916705,-4.697924759167051
295.4963766,299.034718754717,-3.538342154716986
147.427697,145.89864969365746,1.5290473063425338
84.30943506,88.87252777345336,-4.563092713453358
249.2061005,245.5378012133154,3.6682992866846007
98.90352508,99.51338871386025,-0.6098636338602574
202.3547575,195.75141244745723,6.603345052542778
341.4376388,338.2661496773553,3.1714891226446866
279.5906387,277.71477810543433,1.8758605945656655
57.13208846,53.256909102531694,3.875179357468305
244.8532522,245.5722402373177,-0.7189880373177004
226.1960569,224.214153297593,1.9819036024070158
322.6051055,320.40478450739147,2.2003209926085106
174.8927672,177.8497924122172,-2.9570252122171894
349.2089862,348.8613435599972,0.34764264000284584
237.488704,238.51105814455627,-1.0223541445562603
207.7180998,209.98834539526584,-2.270245595265834
199.5566597,199.27598385310833,0.28067584689168257
313.1932687,309.7926814673672,3.4005872326328017
310.0771395,313.27370068574413,-3.1965611857441445
342.8327117,338.1619191117003,4.670792588299719
197.7312739,195.69021257060146,2.0410613293985307
262.8823829,259.8547647557109,3.027618144289079
309.3616681,309.6686834524725,-0.30701535247254697
147.4752162,149.368938071775,-1.893721871775
54.87146753,56.77819539108839,-1.9067278610883918
106.0995933,106.73803059867362,-0.6384372986736224
291.3133157,288.34271675923594,2.9705989407640345
37.94248252,35.47314900659029,2.4693335134097083
90.81196516,88.85052953162351,1.961435628376492
260.2958494,256.3448508338674,3.9509985661326255
121.0863531,117.40090073173619,3.6854523682638103
121.0460117,120.94427557668513,0.10173612331486481
265.8966362,259.8086947686924,6.08794143130757
347.1633989,348.85307558356254,-1.6896766835625385
146.6595162,145.93897226524473,0.720543934755284
95.2140988,88.94142849801264,6.272670301987361
237.7629107,234.96033883755706,2.8025718624429317
106.8833364,110.18939697679576,-3.3060605767957583
219.9291633,213.4854553688572,6.4437079311427965
94.28890228,88.8731398239737,5.4157624560263
192.110626,188.6067506291347,3.503875370865302
330.1523834,331.0735183910275,-0.9211349910274862
81.13090923,78.2663311811925,2.864578048807502
314.5549903,316.79632366816486,-2.2413333681648737
270.6535949,277.5426998454669,-6.889104945466954
188.8248058,188.60482412847992,0.21998167152008818
46.75765774,46.10197671115904,0.6556810288409594
36.30549977,39.05360623698385,-2.748106466983856
312.5706663,320.45776049146,-7.887094191459994
201.3638581,199.2757006803605,2.0881574196394865
39.78232893,39.04401272358706,0.7383162064129394
160.5796388,156.5286688311613,4.0509699688387
218.1731421,220.6467222675689,-2.4735801675688833
317.0374264,313.255844970049,3.781581429951018
243.2864343,241.9865488624938,1.299885437506191
182.8887706,181.5298368055837,1.3589337944162878
34.56679012,35.47211900743869,-0.9053288874386922
160.4351038,160.12524575385308,0.30985804614692825
48.23208285,46.12893445608805,2.103148393911951
162.4281991,163.6648292665409,-1.2366301665408912
264.9989865,267.0008670323582,-2.0018805323582
51.15173712,53.27548104148883,-2.123743921488831
200.002557,199.27439530062026,0.72816169937974
202.5339757,199.28818576904345,3.245789930956562
91.27428359,92.4303382187987,-1.1560546287986995
222.4538087,224.26661925744656,-1.8128105574465678
66.70886844,63.975885699182726,2.7329827408172775
111.9802845,113.76292912882947,-1.7826446288294733
38.78418237,38.96073184576761,-0.17654947576760804
286.0660872,284.6942010202474,1.3718861797526074
134.6410155,131.49494588293868,3.146069617061329
211.7283823,206.35448902587692,5.373893274123077
94.32551695,92.46092463983454,1.864592310165449
109.9760621,106.75277206505758,3.2232900349424085
98.6526218,95.94245576200267,2.7101660379973396
89.66739821,92.44227179990672,-2.7748735899067185
340.7979819,341.6540320468375,-0.8560501468374468
154.8917662,152.98646514962024,1.9053010503797623
49.21733538,46.0934895771054,3.1238458028946
258.443524,263.49467504450774,-5.051151044507719
157.8814771,160.02134101347588,-2.139863913475864
235.1325966,231.30064522255225,3.8319513774477514
122.398031,121.01118445926218,1.386846540737821
183.9145347,185.09720685596284,-1.1826721559628481
270.1674917,274.0435543274038,-3.876062627403769
241.6568055,238.4501179354054,3.2066875645946027
308.0598456,313.31850629366005,-5.258660693660033
113.3989396,113.77323942059792,-0.374299820597912
168.0814469,167.21159440755926,0.8698524924407423
40.81688385,38.95629607890345,1.8605877710965544
237.6481109,241.9406960628711,-4.292585162871092
67.28327311,67.5228942891791,-0.2396211791791103
300.7539331,299.0081858525706,1.7457472474293922
328.8426678,327.495065020251,1.3476027797490246
103.8727026,103.07890764211707,0.7937949578829233
146.4444888,149.51286812147532,-3.0683793214753337
248.7031099,252.70905535420115,-4.005945454201168
138.4315947,138.7625734086778,-0.33097870867780443
95.0360686,92.41910985278908,2.6169587472109157
113.5914336,117.37692637090734,-3.7854927709073394
88.89097675,85.37947508078588,3.5115016692141126
327.5925024,327.4459837670005,0.14651863299951629
357.1245732,355.8985869407926,1.2259862592073887
100.1458568,95.93690139307819,4.208955406921817
232.4095312,234.93348472320298,-2.5239535232029766
314.8295426,313.2510296161926,1.5785129838074
347.2449302,348.89537889716723,-1.650448697167235
230.5179505,231.31718958234717,-0.7992390823471567
267.235998,266.9420647648725,0.29393323512749703
244.8659231,242.0410281587204,2.8248949412796094
288.9961214,284.76837664951535,4.227744750484646
173.0682943,170.73816564483096,2.330128655169034
79.28170883,71.10863186390839,8.173076966091614
152.6018822,152.93450561429358,-0.3326234142935789
152.510022,145.77252925856902,6.7374927414309695
298.5811724,299.0741883178591,-0.49301591785911114
194.2077346,195.7586478076852,-1.5509132076851984
119.0233823,117.3799004064515,1.643481893548497
314.4924171,313.1924557515247,1.2999613484753354
336.3726161,334.7268642473042,1.6457518526958097
37.15633949,35.45413891519766,1.7022005748023403
286.7701102,284.8224291269838,1.947681073016156
142.7437996,142.23239059990962,0.5114090000903673
91.03215459,88.88949900563699,2.1426555843630126
299.2571021,299.0621063184085,0.19499578159150133
140.4152859,138.77892729378013,1.6363586062198578
56.37026828,60.35211781982912,-3.9818495398291205
101.3116574,99.48553768267634,1.8261197173236638
335.6043224,338.3023986284532,-2.6980762284532034
122.8236586,124.5880903301461,-1.7644317301461
43.06509252,42.63335973219421,0.4317327878057924
93.1858473,95.92436590820374,-2.7385186082037336
228.8209795,231.43580557232877,-2.614826072328782
77.54794767,74.59730912494508,2.9506385450549146
148.9073606,145.97311884983918,2.9342417501608224
129.3323791,128.0669340144148,1.2654450855851849
162.0752637,163.69922302252968,-1.6239593225296858
55.79275944,60.44808067426703,-4.655321234267035
70.50156181,71.00854565357788,-0.5069838435778848
91.0654531,85.26890349204332,5.796549607956678
46.63333169,46.11778897445379,0.5155427155462107
129.5969547,124.59303439395606,5.003920306043938
242.4652608,245.56008207924475,-3.0948212792447407
219.2762729,217.15593219930415,2.120340700695863
164.256028,163.75870304058608,0.497324959413902
240.3518467,238.45586475792788,1.895981942072126
246.091519,245.46703649955552,0.6244825004444863
51.48248853,56.83198960586495,-5.34950107586495
278.8508346,277.55988078707884,1.2909538129211455
260.2383199,259.76248167055957,0.4758382294404555
166.1240988,167.1718457131285,-1.047746913128492
299.831784,302.6219382233825,-2.7901542233824443
191.5212661,195.71360274057008,-4.19233664057009
297.6267313,295.47585476239834,2.1508765376016754
145.4168513,145.7750614483354,-0.35821014833541653
209.3268298,213.54634001278302,-4.219510212783007
135.7731514,138.7057489408663,-2.932597540866311
225.791715,224.19514240571775,1.5965725942822644
81.00013719,74.69339181671037,6.30674537328963
147.7748273,149.44092620867994,-1.6660989086799418
219.7053032,213.60052907260234,6.104774127397661
292.9740224,291.894315853061,1.0797065469390077
226.276965,227.73508233872337,-1.4581173387233832
213.8519171,213.47584209902644,0.3760750009735716
334.643793,334.54126990801774,0.10252309198227749
306.6991275,306.20635788512095,0.49276961487902327
223.4236503,224.20488138336043,-0.7812310833604386
267.1790104,267.0333092529804,0.14570114701956527
205.6847968,210.0428431787027,-4.35804637870271
242.1359205,242.0027739749674,0.1331465250326005
80.12635487,81.76788545066518,-1.6415305806651759
118.5011567,124.58558981586386,-6.08443311586386
104.9549191,106.7259361676403,-1.771017067640301
304.7437748,306.17114808220714,-1.4273732822071565
137.7317373,135.17188240432597,2.5598548956740217
128.9935813,135.15643496046374,-6.162853660463753
221.8098717,224.21017566716924,-2.4003039671692363
187.7740441,185.01242302796632,2.7616210720336767
158.6679165,163.6665295852122,-4.998613085212213
64.19337778,63.994025158956674,0.19935262104333162
312.2336385,313.3196100453009,-1.0859715453009358
273.4160805,274.0682696949455,-0.6521891949454925
341.1248757,345.3078865020907,-4.183010802090678
88.80402133,95.99368266457772,-7.189661334577721
63.25378214,60.42143119635125,2.8323509436487484
348.4377445,341.751209248085,6.686535251915018
348.3927363,345.30985818035236,3.08287811964766
123.1219261,120.93716103942849,2.1847650605715074
214.3465426,217.0966992408859,-2.750156640885905
57.40985369,56.78866027512905,0.6211934148709517
187.656447,192.16219800626467,-4.505751006264688
69.69781948,70.96614162692268,-1.2683221469226709
292.857168,295.448484289208,-2.5913162892080095
343.302666,341.82174648199145,1.480919518008534
56.11037488,56.7641027556424,-0.6537278756423959
306.6065875,306.09152275499457,0.515064745005418
183.6120012,185.0552468744117,-1.4432456744116848
89.24537133,85.34100148792673,3.9043698420732653
275.3886734,274.11964518145123,1.2690282185487831
314.6516345,316.87224437635507,-2.22060987635507
37.09921372,35.48121938411512,1.6179943358848803
42.18314566,38.974718596554226,3.208427063445775
255.7971209,252.74040044718635,3.0567204528136642
128.7187909,131.6302086457436,-2.91141774574362
256.1426344,256.36482462476556,-0.22219022476554073
306.0907006,306.12567222172635,-0.03497162172635626
70.90876724,74.60883065344676,-3.700063413446756
249.7158008,249.25880251109172,0.4569982889082951
253.9861099,252.78268317222881,1.2034267277711876
103.7651204,103.05592078238438,0.7091996176156243
252.8537271,252.66585941958382,0.18786768041616142
118.2267883,117.3224937513355,0.9042945486644953
73.51436294,74.70124681737471,-1.1868838773747115
154.2261706,152.9662226499882,1.2599479500117923
95.35275739,99.52916611704435,-4.176408727044361
54.74192597,56.86147566736494,-2.1195496973649455
258.0288425,256.36070045638314,1.6681420436168537
296.6386935,295.44489181111186,1.1938016888881293
80.70133466,81.76086476740987,-1.05953010740987
164.1198541,163.62596534891313,0.493888751086871
184.8832065,185.0790425549379,-0.19583605493789946
167.0873958,167.27017601458934,-0.1827802145893429
62.63569997,63.925484362805236,-1.2897843928052382
257.8633264,263.44727398806015,-5.583947588060141
109.8232067,110.22446696729182,-0.40126026729181774
139.1449259,142.38581509206875,-3.2408891920687495
342.2541364,345.2703421929082,-3.016205792908181
298.9033009,299.0383136982272,-0.1350127982272511
143.1785436,142.32820156861584,0.850342031384173
357.0924872,355.88947803885503,1.203009161144962
334.0892379,334.68762774945367,-0.5983898494536675
252.2763168,252.7956549634695,-0.5193381634695129
133.678656,138.732880410418,-5.054224410418016
331.6478588,331.16935152797765,0.4785072720223411
181.2581603,181.4581938018687,-0.2000335018687167
97.08322836,99.60983993430735,-2.5266115743073385
217.2293131,213.50369484933785,3.7256182506621656
214.2909215,217.05134470554353,-2.760423205543532
188.0374706,185.0494703578721,2.988000242127896
267.7373384,263.45271827361194,4.284620126388063
262.5100901,259.87177244492295,2.63831765507706
33.74191884,35.4863765880055,-1.7444577480055017
318.3029878,316.91265723370856,1.390330566291425
260.7008823,263.45252584319655,-2.7516435431965647
317.7146217,316.7671776537239,0.9474440462761322
128.073436,124.45576000893125,3.6176759910687366
258.1435466,259.90736443498974,-1.7638178349897657
133.9665006,131.6288434278738,2.3376571721261996
187.710916,185.04984491551807,2.6610710844819323
218.5678072,217.13690948892597,1.4308977110740386
188.7232018,192.18098702522835,-3.457785225228349
298.706397,295.56443661206833,3.141960387931647
81.43265885,81.68932338689078,-0.2566645368907814
357.1050913,352.39290253179377,4.712188768206261
133.5881736,128.0578643825239,5.530309217476116
233.5142029,231.2717255314002,2.2424773685997934
54.68286208,53.28081818165211,1.4020438983478911
46.90197979,46.112753219794854,0.7892265702051446
81.68934891,81.72441527120569,-0.035066361205679186
353.4458885,352.3516989271708,1.0941895728292366
80.75858475,81.69203143825817,-0.9334466882581722
306.8075983,306.02815093623985,0.7794473637601413
360.1096828,356.07025533595237,4.0394274640476056
140.7737107,135.12663557798993,5.647075122010079
350.5680637,348.83958991438294,1.728473785617041
347.7546808,352.3588528644203,-4.604172064420311
319.4375263,320.3860641386111,-0.9485378386111165
291.9624407,295.50967353241083,-3.5472328324108275
219.6017346,224.32778534803026,-4.726050748030275
70.95160392,67.44805673982486,3.503547180175133
187.1575553,188.7007786263849,-1.54322332638489
327.304958,323.96110576603905,3.343852233960945
266.9140375,267.03044756920144,-0.11641006920143582
100.2770539,103.11142449910697,-2.8343705991069754
78.15138175,81.81966390818086,-3.6682821581808582
344.2504657,341.7864835467086,2.463982153291397
333.0773697,331.1614534932221,1.915916206777922
322.591039,320.3893347834958,2.201704216504197
186.342862,185.0915505942189,1.2513114057811094
37.70652904,39.00459892719118,-1.2980698871911827
67.66277336,67.50413539837173,0.1586379616282727
349.7452965,348.9324630571445,0.8128334428554922
54.25755446,53.28760086457572,0.9699535954242791
116.3549948,110.25496105756764,6.100033742432359
278.7830371,281.19558202565844,-2.4125449256584375
274.1199892,274.056814261838,0.06317493816203523
234.8878482,231.31517137835203,3.572676821647974
277.2413366,277.6987087005038,-0.4573721005037896
356.7467816,355.95687914847133,0.7899024515286897
191.9649054,192.27599333132068,-0.31108793132068513
91.08533492,88.9537369599023,2.131597960097693
275.7605866,277.73658492925796,-1.9759983292579477
103.8823237,103.07270644275512,0.8096172572448808
314.2050324,313.3495496277856,0.8554827722143727
355.5253057,352.55228989497914,2.97301580502085
214.5067384,217.1202074459029,-2.6134690459029173
42.43621949,42.53902085785316,-0.10280136785316074
325.0674667,320.4043896906543,4.663077009345727
75.3411398,74.62706515098269,0.7140746490173058
121.0297707,121.01558875702803,0.014181942971973172
351.4179127,348.9532848223091,2.464627877690873
303.3009791,299.12702830423507,4.173950795764938
266.3278715,270.48930286500047,-4.161431365000453
152.4371646,153.08108616835324,-0.6439215683532495
117.4527316,117.43872877111014,0.014002828889871921
231.7348707,227.8696215737994,3.865249126200581
131.29209,131.6857322332443,-0.39364223324429304
105.2992687,106.74383025320965,-1.4445615532096525
221.9271739,224.23934746276277,-2.3121735627627515
114.7531983,110.24699219930618,4.5062061006938166
143.3820862,142.3418448885498,1.0402413114502167
296.5404942,295.4324866578255,1.108007542174505
44.02356801,42.64508112253634,1.3784868874636587
166.7833803,167.176538437338,-0.3931581373379913
345.0030328,338.2262514566465,6.776781343353548
80.4419939,81.71104045433854,-1.2690465543385443
284.0579455,284.8014967222994,-0.7435512222994021
82.1296575,81.71532379171373,0.41433370828626437
261.4717905,263.44732354729905,-1.9755330472990522
143.4926191,145.86732901488492,-2.374709914884903
335.9666885,341.79677784762515,-5.830089347625176
112.3154077,117.448357742414,-5.132950042414009
222.8035563,220.6967510465676,2.106805253432384
125.0580855,124.55392200951621,0.5041634904837906
148.0600815,145.85644770265475,2.2036337973452476
56.01689561,56.8573399921132,-0.8404443821131977
162.8790751,163.6926984953742,-0.8136233953742078
146.9465532,145.91080173408326,1.0357514659167464
319.5034464,316.7619593928192,2.7414870071807513
139.1971639,138.81306010261846,0.38410379738152756
187.8666179,185.04852343582692,2.818094464173072
264.2218327,259.768609451235,4.453223248764971
52.44377341,46.03572995454729,6.408043455452706
266.3627574,263.4551622593336,2.9075951406664444
124.595707,120.88996010333352,3.705746896666483
268.9224504,270.5189670206082,-1.596516620608213
124.0794271,124.56763557384018,-0.4882084738401744
61.44385143,53.28647126507329,8.157380164926714
142.6127026,142.29741250012557,0.31529009987443146
215.8630212,213.57427828932282,2.288742910677172
136.9539111,135.19283272530876,1.7610783746912375
171.3933858,174.3663641823248,-2.972978382324783
170.3719886,170.78097461869072,-0.4089860186907117
182.9296042,185.13980777267653,-2.2102035726765337
271.1326152,270.5931810546822,0.5394341453177844
34.15884466,35.51158380142749,-1.3527391414274916
222.5016725,224.20274069721097,-1.701068197210958
73.75120184,71.0706370169966,2.680564823003394
128.373973,131.65363014639325,-3.279657146393248
91.76813254,92.52306329978563,-0.754930759785637
235.4197611,234.9219320050192,0.4978290949808013
243.5681539,241.9950415188185,1.5731123811814882
291.1435571,288.27037661571507,2.873180484284944
230.4018509,227.75055070083548,2.651300199164524
164.1527348,160.19243342674415,3.960301373255845
301.0446617,299.09705057346093,1.9476111265390728
325.2583679,327.47059898964943,-2.2122310896494355
117.0207161,113.8957374740285,3.124978625971508
306.9884652,309.8173523841814,-2.828887184181383
238.6030704,238.50291641505805,0.10015398494195438
329.0311993,327.45351180344915,1.5776874965508796
117.7516434,117.42708153030368,0.32456186969632483
316.3712379,320.37904797612657,-4.007810076126589
123.5261126,128.06151870269736,-4.535406102697351
247.150991,249.17238091070453,-2.021389910704528
211.2301828,210.04282336851986,1.1873594314801323
188.1511842,188.55349202212992,-0.4023078221299272
82.77529468,81.73922713134863,1.0360675486513742
41.7006822,42.480001417145246,-0.7793192171452432
273.60741,277.68778891976376,-4.080378919763746
114.2225515,113.77025625657957,0.4522952434204228
93.61885458,95.94441145354716,-2.325556873547157
218.216213,220.56130662989676,-2.345093629896752
118.717563,121.02303039651193,-2.3054673965119292
131.0154512,131.67750791899755,-0.6620567189975475
201.139224,202.9007905022149,-1.7615665022148903
273.9691943,270.53828345457396,3.4309108454260695
178.1914678,185.04955180708976,-6.858084007089758
154.4853773,152.97618226672236,1.5091950332776491
226.0192733,224.21332876871628,1.8059445312837283
353.6220534,356.03374505080296,-2.4116916508029362
281.2714753,281.23182080594717,0.03965449405285426
309.9038963,313.256859308409,-3.352963008409006
60.50612149,60.34688295296576,0.1592385370342413
260.143266,256.2555972498402,3.8876687501597758
151.7320042,149.49125936288291,2.2407448371170915
246.0905777,249.15741575881475,-3.0668380588147386
147.5935729,142.35371703720585,5.239855862794144
266.5079866,267.08107593387274,-0.5730893338727583
304.5374673,306.19836741374127,-1.6609001137412633
210.9592176,213.6127191196938,-2.6535015196938048
112.9525763,110.3284976424102,2.6240786575898056
213.4362695,209.95117376819442,3.485095731805586
208.8131736,206.4573313574279,2.355842242572095
92.84837436,88.933558791452,3.9148155685479935
252.0764263,252.74223033317955,-0.6658040331795405
321.2773925,316.8589664536602,4.418426046339846
123.5529594,124.55788386624663,-1.0049244662466208
203.0578945,206.3375820824666,-3.2796875824666074
173.7564969,174.35829228653816,-0.6017953865381571
311.1146946,313.2290436680307,-2.1143490680307195
216.0364765,217.03912452903253,-1.0026480290325424
234.6848944,234.84031257011858,-0.15541817011859393
102.5835669,110.27220317440052,-7.6886362744005226
117.047403,117.3591699625082,-0.3117669625082016
346.9400122,341.7471049402054,5.192907259794595
294.8365076,299.0785604299341,-4.242052829934096
153.8017429,153.01632599189952,0.7854169081004727
103.9195235,103.11995184492584,0.7995716550741605
152.2054523,153.0338788016893,-0.8284265016893073
214.0505181,217.06796471837384,-3.017446618373839
264.1399011,259.73609878908627,4.403802310913704
355.3688708,356.08106330429763,-0.7121925042976045
80.63484412,81.73759731788874,-1.1027531978887453
69.36480656,67.54101538651804,1.8237911734819647
96.75762967,92.49091869338005,4.266710976619947
231.1410974,231.3207588558557,-0.17966145585569393
279.2291959,277.72085595918657,1.5083399408134142
161.1069719,156.60821736867598,4.4987545313240105
273.467668,274.0580210369578,-0.590353036957822
167.9770283,167.32226187559704,0.6547664244029647
260.0628572,259.9605679935685,0.1022892064315215
174.5142338,174.41448144728784,0.09975235271215865
101.7190725,103.1648472359019,-1.4457747359019066
297.8406918,302.56791439843437,-4.727222598434366
106.9499394,103.19881217232324,3.7511272276767613
327.8182529,327.6119021461452,0.2063507538547924
167.8567745,170.87777737729195,-3.0210028772919486
300.0458537,295.5314985308325,4.514355169167516
258.9137088,259.86941783949027,-0.955709039490273
123.6854906,120.99750873788155,2.6879818621184484
146.1456862,142.29433074791604,3.851355452083965
38.13925808,42.61751552120111,-4.478257441201116
321.3230185,316.96456864479035,4.358449855209642
305.2043714,306.1619169544935,-0.9575455544934925
287.8613141,291.93132060197206,-4.0700065019720455
47.20872537,49.751933524880315,-2.543208154880311
71.12471063,71.1141570615885,0.010553568411495462
338.293953,341.7470066267628,-3.4530536267628236
215.7912974,209.91427330379784,5.877024096202149
172.7951702,174.38632453736807,-1.5911543373680672
84.80889175,85.27661050798729,-0.467718757987285
209.9160703,206.43111915044597,3.4849511495540355
203.4137119,206.29161185627257,-2.8778999562725573
277.3993307,277.6625448576701,-0.26321415767012013
240.0350217,245.48897616790268,-5.45395446790269
353.1287078,356.04394366513577,-2.9152358651357986
307.3095443,302.57953276774884,4.730011532251183
296.6152122,299.0358145505237,-2.4206023505237226
41.35123045,39.02230008816019,2.3289303618398094
45.55690769,49.71769648729398,-4.160788797293975
93.19571336,96.08706607239941,-2.89135271239941
357.5871303,356.03486100124303,1.5522692987569826
304.4284853,306.09899854880473,-1.6705132488047525
307.9807713,313.29575331096004,-5.314982010960023
59.3072258,56.874387348848416,2.432838451151582
309.2933349,313.3187638086706,-4.025428908670619
179.782486,181.36574510051003,-1.5832591005100198
301.6507764,302.6122902583736,-0.9615138583736211
169.7149304,167.14381340133542,2.5711169986645643
210.8050442,217.1001310459489,-6.2950868459489016
328.4519464,327.52485252020165,0.927093879798349
150.6264947,153.03780160468307,-2.411306904683073
188.9638766,192.15893112495962,-3.1950545249596303
120.1173914,120.9962975484397,-0.8789061484396967
124.6061627,124.51218105584618,0.09398164415381416
248.1605299,252.6694874726297,-4.508957572629697
321.5275916,320.3352521975157,1.192339402484322
89.39045885,88.93453647557688,0.45592237442312467
345.054354,341.823823405526,3.2305305944739757
306.0828436,306.19174786429204,-0.10890426429205036
155.3676653,156.59668901936973,-1.229023719369735
77.52464044,71.13239181912715,6.392248620872849
340.8595692,341.78891967286074,-0.9293504728607331
203.9487779,202.95668685603954,0.9920910439604711
345.8938959,341.68907494522193,4.204820954778086
83.19717896,81.75150172875556,1.4456772312444457
263.9106303,263.3378122838321,0.5728180161679006
310.3503959,306.0832031249901,4.267192775009903
183.4840455,181.5228157067233,1.9612297932767149
301.7104781,302.5894572681521,-0.8789791681521137
56.43314187,56.85017136819977,-0.4170294981997671
84.48658764,81.75483513777938,2.7317525022206155
245.7659287,249.13509171265957,-3.369163012659584
143.5374924,142.28049545305706,1.2569969469429338
88.39152161,88.85823422993464,-0.46671261993463986
168.8951696,167.32542387646006,1.5697457235399384
136.8019191,138.7159146571245,-1.9139955571245082
139.8343646,135.29255352956147,4.541811070438513
140.9935076,142.2472324521297,-1.2537248521297215
275.4277547,270.5184183474669,4.909336352533103
242.2535054,245.6392192393705,-3.38571383937051
139.3446605,135.13665486330973,4.208005636690274
313.6573391,313.30837749102545,0.3489616089745482
312.1429635,313.3651472885319,-1.2221837885318791
